{"cameraMode":{"drawMode":0,"name":"Shaded","section":"Shading Mode"},"sceneLighting":false,"audioPlay":false,"sceneViewState":{"m_AlwaysRefresh":false,"showFog":true,"showSkybox":false,"showFlares":true,"showImageEffects":true,"showParticleSystems":true,"showVisualEffectGraphs":true,"m_FxEnabled":true},"in2DMode":false,"pivot":{"x":-3.7866623401641847,"y":0.5072152614593506,"z":20.326988220214845},"rotation":{"x":0.27205708622932436,"y":-0.14937621355056764,"z":0.042850758880376819,"w":0.9497109651565552},"size":2.507227897644043,"orthographic":true}