{"cameraMode":{"drawMode":0,"name":"Shaded","section":"Shading Mode"},"sceneLighting":false,"audioPlay":false,"sceneViewState":{"m_AlwaysRefresh":false,"showFog":true,"showSkybox":false,"showFlares":true,"showImageEffects":true,"showParticleSystems":true,"showVisualEffectGraphs":true,"m_FxEnabled":true},"in2DMode":false,"pivot":{"x":0.05452728271484375,"y":-0.08172273635864258,"z":0.36708879470825198},"rotation":{"x":0.15773291885852815,"y":-0.3027481436729431,"z":0.05089093744754791,"w":0.9385929107666016},"size":1.7320537567138672,"orthographic":true}