{"cameraMode":{"drawMode":0,"name":"Shaded","section":"Shading Mode"},"sceneLighting":true,"audioPlay":false,"sceneViewState":{"m_AlwaysRefresh":false,"showFog":true,"showSkybox":false,"showFlares":true,"showImageEffects":true,"showParticleSystems":true,"showVisualEffectGraphs":true,"m_FxEnabled":true},"in2DMode":false,"pivot":{"x":-1.0080592632293702,"y":1.5046013593673707,"z":8.802989959716797},"rotation":{"x":0.17378176748752595,"y":-0.23676535487174989,"z":0.043070483952760699,"w":0.9549809694290161},"size":9.865124702453614,"orthographic":true}