{"cameraMode":{"drawMode":0,"name":"Shaded","section":"Shading Mode"},"sceneLighting":true,"audioPlay":false,"sceneViewState":{"m_AlwaysRefresh":false,"showFog":true,"showSkybox":false,"showFlares":true,"showImageEffects":true,"showParticleSystems":true,"showVisualEffectGraphs":true,"m_FxEnabled":true},"in2DMode":false,"pivot":{"x":0.670548677444458,"y":5.357473373413086,"z":-3.058767080307007},"rotation":{"x":0.34375011920928957,"y":-0.022549664601683618,"z":0.008271993137896061,"w":0.9387898445129395},"size":11.687382698059082,"orthographic":true}