{"cameraMode":{"drawMode":0,"name":"Shaded","section":"Shading Mode"},"sceneLighting":true,"audioPlay":false,"sceneViewState":{"m_AlwaysRefresh":false,"showFog":true,"showSkybox":false,"showFlares":true,"showImageEffects":true,"showParticleSystems":true,"showVisualEffectGraphs":true,"m_FxEnabled":true},"in2DMode":false,"pivot":{"x":2.4790596961975099,"y":1.526242733001709,"z":11.895792961120606},"rotation":{"x":0.20036981999874116,"y":-0.18539096415042878,"z":0.038667161017656329,"w":0.9612895846366882},"size":21.632169723510743,"orthographic":true}