{"cameraMode":{"drawMode":0,"name":"Shaded","section":"Shading Mode"},"sceneLighting":true,"audioPlay":false,"sceneViewState":{"m_AlwaysRefresh":false,"showFog":true,"showSkybox":false,"showFlares":true,"showImageEffects":true,"showParticleSystems":true,"showVisualEffectGraphs":true,"m_FxEnabled":true},"in2DMode":false,"pivot":{"x":2.0529427528381349,"y":6.017332077026367,"z":-2.6528778076171877},"rotation":{"x":0.19437241554260255,"y":0.15086421370506288,"z":-0.03027033433318138,"w":0.9688151478767395},"size":14.1439847946167,"orthographic":true}