{"cameraMode":{"drawMode":0,"name":"Shaded","section":"Shading Mode"},"sceneLighting":false,"audioPlay":false,"sceneViewState":{"m_AlwaysRefresh":false,"showFog":true,"showSkybox":false,"showFlares":true,"showImageEffects":true,"showParticleSystems":true,"showVisualEffectGraphs":true,"m_FxEnabled":true},"in2DMode":false,"pivot":{"x":-3.944833755493164,"y":0.05997109413146973,"z":20.25166893005371},"rotation":{"x":0.24781234562397004,"y":-0.026176955550909044,"z":0.0067045968025922779,"w":0.9684886336326599},"size":4.170050144195557,"orthographic":true}