{"cameraMode":{"drawMode":0,"name":"Shaded","section":"Shading Mode"},"sceneLighting":false,"audioPlay":false,"sceneViewState":{"m_AlwaysRefresh":false,"showFog":true,"showSkybox":false,"showFlares":true,"showImageEffects":true,"showParticleSystems":true,"showVisualEffectGraphs":true,"m_FxEnabled":true},"in2DMode":false,"pivot":{"x":3.361548900604248,"y":0.20000004768371583,"z":19.759830474853517},"rotation":{"x":0.20036981999874116,"y":-0.18539096415042878,"z":0.038667161017656329,"w":0.9612895846366882},"size":4.3830437660217289,"orthographic":true}