{"cameraMode":{"drawMode":0,"name":"Shaded","section":"Shading Mode"},"sceneLighting":false,"audioPlay":false,"sceneViewState":{"m_AlwaysRefresh":false,"showFog":true,"showSkybox":false,"showFlares":true,"showImageEffects":true,"showParticleSystems":true,"showVisualEffectGraphs":true,"m_FxEnabled":true},"in2DMode":false,"pivot":{"x":4.944380760192871,"y":1.2295610904693604,"z":19.79755401611328},"rotation":{"x":0.2023293673992157,"y":-0.12741726636886598,"z":0.026578063145279886,"w":0.9706833958625794},"size":4.470211029052734,"orthographic":true}